address,moniker,commission,rank,token,votingPower,timestamp,validatorAddress,q1,q3,median,safety,commissions,totalToken
bbnvaloper1g8v4zp9j7jkq4s6spgasanu087kfvtnxg50fk7,Lombard Finance,0.1,1,125496969,0.059136,1.77E+12,bbnvaloper1g8v4zp9j7jkq4s6spgasanu087kfvtnxg50fk7,10058,10300,10141,0.976136476,2,2102148790
bbnvaloper1tf2sw45fx6c968ux9zphd57twdlw69jp7qrgdm,Keplr,0.03,2,109764201,0.051723,1.77E+12,bbnvaloper1tf2sw45fx6c968ux9zphd57twdlw69jp7qrgdm,10068,10315,10148,0.975660229,96,
bbnvaloper1xvzpmejwax2uuquap8rgxt5d7f4xscfww4dfc9,Zellic,0.05,3,89731151,0.042283,1.77E+12,bbnvaloper1xvzpmejwax2uuquap8rgxt5d7f4xscfww4dfc9,10057,10311,10143,0.974958099,59,
bbnvaloper1r48zpc8xzrjhm9el48kpyg0kzmc93mms3xc92f,OKX Earn,0.1,4,75028005,0.035355,1.77E+12,bbnvaloper1r48zpc8xzrjhm9el48kpyg0kzmc93mms3xc92f,10061,10274,10141,0.978996154,2,
bbnvaloper1y5fqc69rthqgltjnjze408t66j5pp6kdyhlz48,P2Porg,0.1,5,72609815,0.034215,1.77E+12,bbnvaloper1y5fqc69rthqgltjnjze408t66j5pp6kdyhlz48,10053,10310,10140,0.974654832,2,
bbnvaloper1u9w7kfngrsr2defextqf5fscypw8dys50pdza4,Cosmostation,0.03,6,66072120,0.031134,1.77E+12,bbnvaloper1u9w7kfngrsr2defextqf5fscypw8dys50pdza4,10048,10307,10134,0.974442471,96,
bbnvaloper1004nqmppj9tvwf0l5gawl747lg452vl35m5x0x,Figment,0.1,7,61192326,0.028835,1.77E+12,bbnvaloper1004nqmppj9tvwf0l5gawl747lg452vl35m5x0x,10050,10303,10133,0.975032073,2,
bbnvaloper1a67tugdznyxnc0np20d0lgkszd6fshcppeq8sv,NodesGuru,0.05,8,60744564,0.028624,1.77E+12,bbnvaloper1a67tugdznyxnc0np20d0lgkszd6fshcppeq8sv,10056,10309,10141,0.97505177,59,
bbnvaloper18hly9zagjfuzzeqp92uhwafmplmtgd0u98vjj3,DSRV,0.1,9,60717370,0.028611,1.77E+12,bbnvaloper18hly9zagjfuzzeqp92uhwafmplmtgd0u98vjj3,10065,10317,10149,0.975169967,2,
bbnvaloper14axcnvrrhw8yzvvnl79ugtxxf9ws5j7ah0ftv2,Luganodes,0.1,10,56117146,0.026443,1.77E+12,bbnvaloper14axcnvrrhw8yzvvnl79ugtxxf9ws5j7ah0ftv2,10062,10313,10146,0.975261187,2,
bbnvaloper1j2t9f3vencxyvt6knyu8e7srfzfeesdty06dnc,RockX,0.05,11,55924437,0.026353,1.77E+12,bbnvaloper1j2t9f3vencxyvt6knyu8e7srfzfeesdty06dnc,10055,10313,10140,0.974556213,59,
bbnvaloper1hcqhj9zukk4pncknux3gfkgw9fhy8uc2ldfzsd,stakefish,0.05,12,50456986,0.023776,1.77E+12,bbnvaloper1hcqhj9zukk4pncknux3gfkgw9fhy8uc2ldfzsd,10051,10307,10138,0.974748471,59,
bbnvaloper167thlj4wjetzwkjp8wkfm5u99jwvlrrd8zr0qd,Kraken,0.1,13,50224810,0.023667,1.77E+12,bbnvaloper167thlj4wjetzwkjp8wkfm5u99jwvlrrd8zr0qd,10062,10317,10148,0.974871896,2,
bbnvaloper162e0vrljew6xmkazpcuz6fksjlk0sw0rwvtfwj,Solv Protocol,0.1,14,50085608,0.023601,1.77E+12,bbnvaloper162e0vrljew6xmkazpcuz6fksjlk0sw0rwvtfwj,10056,10289,10137,0.977014896,2,
bbnvaloper13wj0x342yr9mahkaenvdlrzzpwe84570sh0yjq,Anchorage Digital 2,0.2,15,50030033,0.023575,1.77E+12,bbnvaloper13wj0x342yr9mahkaenvdlrzzpwe84570sh0yjq,10049,10298,10130,0.975419546,1,
bbnvaloper19fzfy82u2y8p5p6hz9zpgezgc556rjy6dnnmul,CoinSummer Labs,0.05,16,50011908,0.023567,1.77E+12,bbnvaloper19fzfy82u2y8p5p6hz9zpgezgc556rjy6dnnmul,10062,10323,10148,0.974280646,59,
bbnvaloper109x73vm9p45qsgmu2dhelsxscuajyjc20n5xc0,Xangle,0.1,17,50002941,0.023562,1.77E+12,bbnvaloper109x73vm9p45qsgmu2dhelsxscuajyjc20n5xc0,10055,10289,10133,0.976907135,2,
bbnvaloper1uxlf7mvr8nep3gm7udf2u9remms2jyjqrxz9qp,Kiln,0.08,18,50000465,0.023561,1.77E+12,bbnvaloper1uxlf7mvr8nep3gm7udf2u9remms2jyjqrxz9qp,10078,10328.5,10173,0.975375995,53,
bbnvaloper1jcrv77zqx0vggr2v325nkhfctt4gqjretq6mqa,verse2,0.1,19,50000012,0.023561,1.77E+12,bbnvaloper1jcrv77zqx0vggr2v325nkhfctt4gqjretq6mqa,10110,10311.5,10186,0.980217946,2,
bbnvaloper1avpnfj6wfkhfz0syl89rrqesp26eke7ux845q9,Cobo,0.1,20,50000010,0.023561,1.77E+12,bbnvaloper1avpnfj6wfkhfz0syl89rrqesp26eke7ux845q9,10077,10281,10162,0.979925212,2,
bbnvaloper1l5c6cf6rps3vq65hmk73hqv2epj6wrn2vlkawa,Everstake,0.1,21,39774572,0.018742,1.77E+12,bbnvaloper1l5c6cf6rps3vq65hmk73hqv2epj6wrn2vlkawa,10053,10297,10135,0.975925012,2,
bbnvaloper176nnuls55nkgtpc67tp3p70vjnnwx3c4q3w225,Kairos Research X Firstset,0.1,22,29034254,0.013681,1.77E+12,bbnvaloper176nnuls55nkgtpc67tp3p70vjnnwx3c4q3w225,10052,10303,10135,0.975234336,2,
bbnvaloper1fyfnvvswqjmg2xlpx2grldmlnuzqj6zj2hc8hd,01node,0.05,23,27934746,0.013163,1.77E+12,bbnvaloper1fyfnvvswqjmg2xlpx2grldmlnuzqj6zj2hc8hd,10056,10310,10138,0.974945749,59,
bbnvaloper163zszfeemrqfyg3jlasztzmy0eea8l8qjlvlz2,CosmosSpaces,0.08,24,26847773,0.012651,1.77E+12,bbnvaloper163zszfeemrqfyg3jlasztzmy0eea8l8qjlvlz2,10054,10300,10139,0.975737252,53,
bbnvaloper1qe8uuf5x69c526h4nzxwv4ltftr73v7q2fl4t5,Stakecito,0.05,25,26296382,0.012391,1.77E+12,bbnvaloper1qe8uuf5x69c526h4nzxwv4ltftr73v7q2fl4t5,10049,10297,10135,0.97553034,59,
bbnvaloper1nr3u9926m0zmglqam3wljsg9zjaef3ptqege9m,Anchorage Digital 1,0.07,26,26185610,0.012339,1.77E+12,bbnvaloper1nr3u9926m0zmglqam3wljsg9zjaef3ptqege9m,10055,10306,10137,0.975239223,58,
bbnvaloper1y2kvtdppq9fujd6qrn7ptsyndej4ngl4u93kyg,InfStones,0.1,27,26143971,0.01232,1.77E+12,bbnvaloper1y2kvtdppq9fujd6qrn7ptsyndej4ngl4u93kyg,10045,10301,10127,0.974721043,2,
bbnvaloper1z48ejjhtpy6al2l0rmd64x2qdnrlxq5hqf4d66,Hinode Technologies,0.1,28,26108385,0.012303,1.77E+12,bbnvaloper1z48ejjhtpy6al2l0rmd64x2qdnrlxq5hqf4d66,10061,10304,10142,0.976040229,2,
bbnvaloper1eunu7l7qfmemdw4xv7apejl28jzgd3t346dh63,CryptoCrew Validators,0.05,29,25860331,0.012186,1.77E+12,bbnvaloper1eunu7l7qfmemdw4xv7apejl28jzgd3t346dh63,10062,10313,10144,0.975256309,59,
bbnvaloper1n9wz2ww9260jwqfxejgk7p933j32uzqkldm2qw,KudasaiJP,0.1,30,24617623,0.0116,1.77E+12,bbnvaloper1n9wz2ww9260jwqfxejgk7p933j32uzqkldm2qw,10055,10304,10136,0.975434096,2,
bbnvaloper12m9zj4d64mehzzrx59kyw5ul773xpshlz690w0,Chorus One,0.1,31,24616315,0.0116,1.77E+12,bbnvaloper12m9zj4d64mehzzrx59kyw5ul773xpshlz690w0,10058,10315,10142,0.97465983,2,
bbnvaloper1d2wmqey6t654avp8s2wxspkfeylj6ax2xqkxwr,BHarvest,0.1,32,24610451,0.011597,1.77E+12,bbnvaloper1d2wmqey6t654avp8s2wxspkfeylj6ax2xqkxwr,10058,10308,10141,0.975347599,2,
bbnvaloper1st53852y75x5lc7he8cekclf3vmpn5ynccyysz,Nansen Stake to Stack Points,0.05,33,22846932,0.010766,1.77E+12,bbnvaloper1st53852y75x5lc7he8cekclf3vmpn5ynccyysz,10058,10310,10140,0.975147929,59,
bbnvaloper1jr4tsed9w988fl4xkprvys36pxd0zxjjlprcm8,Staking4All,0.03,34,20479229,0.00965,1.77E+12,bbnvaloper1jr4tsed9w988fl4xkprvys36pxd0zxjjlprcm8,10056,10301,10137,0.975831114,96,
bbnvaloper1sthe9eeu0jplf7nl9x5crxfquydwxv93hcruz4,ContributionDAO,0.1,35,20310219,0.009571,1.77E+12,bbnvaloper1sthe9eeu0jplf7nl9x5crxfquydwxv93hcruz4,10054,10302,10142,0.975547229,2,
bbnvaloper1rr3kly4yg3zpswa9cew79ukfhf4f96wc57t7m9,HashKey Cloud,0.05,36,20190252,0.009514,1.77E+12,bbnvaloper1rr3kly4yg3zpswa9cew79ukfhf4f96wc57t7m9,10052,10293,10134,0.97621867,59,
bbnvaloper1ekrjuazjcvj26xpg326ejeqt59s55d5wkf7rrt,Imperatorco,0.05,37,20155144,0.009497,1.77E+12,bbnvaloper1ekrjuazjcvj26xpg326ejeqt59s55d5wkf7rrt,10056,10305.5,10139,0.97539205,59,
bbnvaloper1vl64trjerytqp5w9gnxaphh76efrqxl4hsdzyn,Coinage X DAIC,0.05,38,20041188,0.009444,1.77E+12,bbnvaloper1vl64trjerytqp5w9gnxaphh76efrqxl4hsdzyn,10054,10324,10142,0.973378032,59,
bbnvaloper18tl4eh9mdzcf5jnr5qugm8hxsehrv7anx6rszp,AltLayer,0.1,39,20037650,0.009442,1.77E+12,bbnvaloper18tl4eh9mdzcf5jnr5qugm8hxsehrv7anx6rszp,10054,10304,10137,0.975337871,2,
bbnvaloper1ghrpfanlpyxexasld77ekny99cta6jcgyqpvsh,Allnodes,0.1,40,20035398,0.009441,1.77E+12,bbnvaloper1ghrpfanlpyxexasld77ekny99cta6jcgyqpvsh,10060,10319,10141,0.974460112,2,
bbnvaloper1ltxrzrdgfsvxuxq0htjxdmqjwy9mhmvdssw8rk,SatoshiVisionLab,0.1,41,20010007,0.009429,1.77E+12,bbnvaloper1ltxrzrdgfsvxuxq0htjxdmqjwy9mhmvdssw8rk,10044,10286,10127,0.976103486,2,
bbnvaloper1af0vzd70yl3ne2k232f49u6wccxjd5ptkpnvfv,Next Finance Tech,0.1,42,20007604,0.009428,1.77E+12,bbnvaloper1af0vzd70yl3ne2k232f49u6wccxjd5ptkpnvfv,10064,10322,10150,0.974581281,2,
bbnvaloper1emwnrxm4u2kw42ajhd07ksut7vada2euvskxxg,Blockdaemon,0.1,43,20005080,0.009427,1.77E+12,bbnvaloper1emwnrxm4u2kw42ajhd07ksut7vada2euvskxxg,10046,10260,10122,0.978857933,2,
bbnvaloper14t06tc7f0slprnzgvktktwc3g6rf8kg2xq8k2w,caliber,0.1,44,20004125,0.009426,1.77E+12,bbnvaloper14t06tc7f0slprnzgvktktwc3g6rf8kg2xq8k2w,10059,10324,10149,0.973889053,2,
bbnvaloper1k5ssnj8wetel84yxtednmk5y8ksn9zewdw9svx,Hex Trust,0.1,45,20002956,0.009426,1.77E+12,bbnvaloper1k5ssnj8wetel84yxtednmk5y8ksn9zewdw9svx,10059,10333,10146,0.972994283,2,
bbnvaloper1ft6ud8te3us83kqwq5qs4thqae9jsz2wt4paek,GalaxyDigital,0.1,46,20002865,0.009426,1.77E+12,bbnvaloper1ft6ud8te3us83kqwq5qs4thqae9jsz2wt4paek,10057,10296,10139,0.976427656,2,
bbnvaloper1wtqdmvmk8muuuxj2e7el9jattm4gzsy5q2ycr5,falconx,0.1,47,20001235,0.009425,1.77E+12,bbnvaloper1wtqdmvmk8muuuxj2e7el9jattm4gzsy5q2ycr5,10058,10308,10139,0.975342736,2,
bbnvaloper1r5tehr84wvuanwfeupgdz4a78z748ujf22wpue,DeFimansSBI,0.1,48,20001206,0.009425,1.77E+12,bbnvaloper1r5tehr84wvuanwfeupgdz4a78z748ujf22wpue,10059,10296.5,10142,0.976582528,2,
bbnvaloper18gxlhvt5hvddxlddzqgq4de29chl2nguksvh9z,HoodRun,0.1,49,20000946,0.009425,1.77E+12,bbnvaloper18gxlhvt5hvddxlddzqgq4de29chl2nguksvh9z,10072.5,10490.5,10131.5,0.958742536,2,
bbnvaloper1mrjeleqxwsxrvz9lllzcpntm05gjugvnp9fmnl,Ankr,0.05,50,20000598,0.009425,1.77E+12,bbnvaloper1mrjeleqxwsxrvz9lllzcpntm05gjugvnp9fmnl,10045,10303,10138,0.974551194,59,
bbnvaloper125q9kavt28z0zrtnctg93s495nt6pr3lnj5z32,Twinstake,0.1,51,20000186,0.009424,1.77E+12,bbnvaloper125q9kavt28z0zrtnctg93s495nt6pr3lnj5z32,10043,10357,10146,0.969051843,2,
bbnvaloper15znlj5qky8c5vntav8ynys8azf9g63t5gtz6fh,Cubist,0.1,52,20000106,0.009424,1.77E+12,bbnvaloper15znlj5qky8c5vntav8ynys8azf9g63t5gtz6fh,10048,10286,10126,0.976496149,2,
bbnvaloper13v2jzm0w8yuw7p30cc4h4p3shv2vd7sq3h3wwn,node101,0.08,53,20000014,0.009424,1.77E+12,bbnvaloper13v2jzm0w8yuw7p30cc4h4p3shv2vd7sq3h3wwn,10061,10299,10136,0.976519337,53,
bbnvaloper1l47emrcep2eugpn67k7gj562wsqax34nrgx4wf,SenseiNode,0.1,54,20000006,0.009424,1.77E+12,bbnvaloper1l47emrcep2eugpn67k7gj562wsqax34nrgx4wf,10066,10325,10151,0.974485272,2,
bbnvaloper1rum6xztn9slmls4487k5hr68nc6gw7tf2wmd3k,KODA,0.1,55,20000002,0.009424,1.77E+12,bbnvaloper1rum6xztn9slmls4487k5hr68nc6gw7tf2wmd3k,10046,10301,10130,0.974827246,2,
bbnvaloper1s0gxmwyh8lsq55vlgr9xy3dc90lqmp7tlcqy5t,BinanceNode,0.05,56,17200062,0.008105,1.77E+12,bbnvaloper1s0gxmwyh8lsq55vlgr9xy3dc90lqmp7tlcqy5t,10059,10309,10144,0.97535489,59,
bbnvaloper1g2dslw8hn62tj3yyjcw3t7gx7lxghna7auh4qw,Finoa Consensus Services,0.1,57,13635364,0.006425,1.77E+12,bbnvaloper1g2dslw8hn62tj3yyjcw3t7gx7lxghna7auh4qw,10050,10303,10132,0.975029609,2,
bbnvaloper140l6y2gp3gxvay6qtn70re7z2s0gn57zx9gg4e,LavenderFive Nodes,0.05,58,7197782,0.003392,1.77E+12,bbnvaloper140l6y2gp3gxvay6qtn70re7z2s0gn57zx9gg4e,10052,10312,10140,0.974358974,59,
bbnvaloper1symf474wnypes2d3mecllqk6l26rwz8mx605rm,BlockHunters,0.05,59,6781855,0.003196,1.77E+12,bbnvaloper1symf474wnypes2d3mecllqk6l26rwz8mx605rm,10048,10291,10129,0.976009478,59,
bbnvaloper1je28mxwz6p7akp9yw25jxsa2s07f03dg63aq6x,Colossus,0.05,60,4755782,0.002241,1.77E+12,bbnvaloper1je28mxwz6p7akp9yw25jxsa2s07f03dg63aq6x,10055.5,10300,10132,0.975868535,59,
bbnvaloper1uvz997er6lnht04uc43kplk40qptzq67797p30,Stake Shark,0.1,61,2736755,0.00129,1.77E+12,bbnvaloper1uvz997er6lnht04uc43kplk40qptzq67797p30,10062,10312,10143,0.97535246,2,
bbnvaloper1zfjgkjjrkjdz8p67jdy3ytj3nty9afg9ncmfu3,Gate Earn,0.03,62,2543830,0.001199,1.77E+12,bbnvaloper1zfjgkjjrkjdz8p67jdy3ytj3nty9afg9ncmfu3,10045,10289,10135.5,0.9759262,96,
bbnvaloper17qzjpr0vl6uv7ev7ajfmszwwcf2j992x95hhkm,Bflux,0.05,63,1641812,0.000774,1.77E+12,bbnvaloper17qzjpr0vl6uv7ev7ajfmszwwcf2j992x95hhkm,10061,10313,10133,0.975130761,59,
bbnvaloper1kkuwry38tsvg7p3a9k8ktgvxze2t8ax9qsdhcm,AutoStake Slash Protected,0.03,64,1636903,0.000771,1.77E+12,bbnvaloper1kkuwry38tsvg7p3a9k8ktgvxze2t8ax9qsdhcm,10061,10295,10142.5,0.976928765,96,
bbnvaloper1anuqq7k9kvuh6vnascyyccvxpwlg7a945697rg,polkachucom,0.03,65,1256430,0.000592,1.77E+12,bbnvaloper1anuqq7k9kvuh6vnascyyccvxpwlg7a945697rg,10028,10299,10124,0.973231924,96,
bbnvaloper1u9xeaqdjz3kky2ymdhdsn0ra5uy9tc3eeffvn8,Kiln legacy please redelegate,0.08,66,1100237,0.000518,1.77E+12,bbnvaloper1u9xeaqdjz3kky2ymdhdsn0ra5uy9tc3eeffvn8,10038,10266,10118,0.977465902,53,
bbnvaloper1kzeskgf2eh8jv7nupu4kmmzu7cepmmn4kntmjg,Bitrue,0.03,67,931629,0.000439,1.77E+12,bbnvaloper1kzeskgf2eh8jv7nupu4kmmzu7cepmmn4kntmjg,10048,10329,10142,0.972293433,96,
bbnvaloper1zd7mt8tw5sdcmzu3usgc2cwxx7svppmwrlvph6,CertiK,0.05,68,669195,0.000315,1.77E+12,bbnvaloper1zd7mt8tw5sdcmzu3usgc2cwxx7svppmwrlvph6,10054,10305,10143,0.97525387,59,
bbnvaloper1ta3zed9p4q2ynnpgrw7m63wqd9e4xg2p906nhn,NexuSecurus,0.1,69,653619,0.000308,1.77E+12,bbnvaloper1ta3zed9p4q2ynnpgrw7m63wqd9e4xg2p906nhn,10023,10297,10125,0.972938272,2,
bbnvaloper19pksezgmgmdz283lf2709l0jwvjttpq9m69v64,NodeStake,0.03,70,441506,0.000208,1.77E+12,bbnvaloper19pksezgmgmdz283lf2709l0jwvjttpq9m69v64,10037,10341,10140,0.970019724,96,
bbnvaloper1zvk0kklh6q7acesfcxrw0raeg8mmjnfx2mzula,Informal Systems,0.05,71,289784,0.000137,1.77E+12,bbnvaloper1zvk0kklh6q7acesfcxrw0raeg8mmjnfx2mzula,10043,10306,10127,0.974029821,59,
bbnvaloper1dg8crenpzpc2k8esnqj402a5sh9y0vhtgts6rn,Vadypto,0.03,72,240144,0.000113,1.77E+12,bbnvaloper1dg8crenpzpc2k8esnqj402a5sh9y0vhtgts6rn,10017,10329.5,10113,0.969099179,96,
bbnvaloper1dxzy44hun9mwgu22n5gw6d8xlasgwy9uut3z7p,Zeeve Inc,0.03,73,232015,0.000109,1.77E+12,bbnvaloper1dxzy44hun9mwgu22n5gw6d8xlasgwy9uut3z7p,10030,10310.5,10096,0.972216719,96,
bbnvaloper19t37mhtmw5p7fgnf2k3axk3mekfhafkzppjvaj,Infrasingularity,0.03,74,193679,0.000091,1.77E+12,bbnvaloper19t37mhtmw5p7fgnf2k3axk3mekfhafkzppjvaj,10034,10275,10123,0.976192828,96,
bbnvaloper1gpdtyraa3fxxvhjs87u2dxqststx0w4pcr9tk9,minminnet,0.03,75,177989,0.000084,1.77E+12,bbnvaloper1gpdtyraa3fxxvhjs87u2dxqststx0w4pcr9tk9,10045,10333,10114.5,0.971526027,96,
bbnvaloper1u23ev28ec7m9fn2kcu3w5ympva5d4lunrjjf92,PureValidator,0.05,76,175898,0.000083,1.77E+12,bbnvaloper1u23ev28ec7m9fn2kcu3w5ympva5d4lunrjjf92,10074.5,10317,10184,0.976188138,59,
bbnvaloper19v94c3z7ckarwsum76kaagma0wqsqhh5dku8lm,Validatus,0.05,77,174594,0.000082,1.77E+12,bbnvaloper19v94c3z7ckarwsum76kaagma0wqsqhh5dku8lm,10064,10282.5,10137,0.978445299,59,
bbnvaloper1tat9n0uflehmxytwm40ptqlnt7emazv2yfxv92,Shutdown in December Please redelegate Meria,0.05,78,170722,0.00008,1.77E+12,bbnvaloper1tat9n0uflehmxytwm40ptqlnt7emazv2yfxv92,10047,10307,10131,0.974336196,59,
bbnvaloper1wu9z2n7es5g207kz9wz8cmwa09444ywz6lyj9e,QuantNode,0.1,79,166697,0.000079,1.77E+12,bbnvaloper1wu9z2n7es5g207kz9wz8cmwa09444ywz6lyj9e,10049,10307,10129,0.974528581,2,
bbnvaloper1uy0qkr2qts2ak9ykn29pgjfwcdd3j4ngrn3uy5,AtlasStaking,0.05,80,134354,0.000063,1.77E+12,bbnvaloper1uy0qkr2qts2ak9ykn29pgjfwcdd3j4ngrn3uy5,10040,10271,10094,0.977115118,59,
bbnvaloper1uhwy40w2jg22m2yup4qepqa420x2tfz0hrgu9w,Snow Fall,0.05,81,121714,0.000057,1.77E+12,bbnvaloper1uhwy40w2jg22m2yup4qepqa420x2tfz0hrgu9w,9988,10366,10122,0.962655602,59,
bbnvaloper1q3m4m0zmrhkw7zdldehcu8raxsmdpxp0npp52s,POSTHUMAN StakeDrop,0.05,82,111678,0.000053,1.77E+12,bbnvaloper1q3m4m0zmrhkw7zdldehcu8raxsmdpxp0npp52s,10032,10375,10114,0.966086613,59,
bbnvaloper1r20937v2tsykqav09v8cfgm7q8cmnqwmca64gy,betahk,0.05,83,109355,0.000052,1.77E+12,bbnvaloper1r20937v2tsykqav09v8cfgm7q8cmnqwmca64gy,10026,10253,10109,0.977544762,59,
bbnvaloper14qxucu0qk4qg0e39peufhmcjkjh9ww5dvlg7qv,blockscape,0.08,84,104969,0.000049,1.77E+12,bbnvaloper14qxucu0qk4qg0e39peufhmcjkjh9ww5dvlg7qv,10029,10309,10142,0.972392033,53,
bbnvaloper18kl9x4mmm9ulpjs76gjgynj00fpsszwy4d9zdx,Forbole,0.05,85,96973,0.000046,1.77E+12,bbnvaloper18kl9x4mmm9ulpjs76gjgynj00fpsszwy4d9zdx,9998,10280.5,10113,0.972065658,59,
bbnvaloper1k38qaqcnmjd2qlejzah3e7a66f2xz2jflngqpu,Enigma,0.05,86,51946,0.000024,1.77E+12,bbnvaloper1k38qaqcnmjd2qlejzah3e7a66f2xz2jflngqpu,10040,10282,10122,0.976091681,59,
bbnvaloper1u2qq4hy268nz78k4z0dn6tgnv0mqsvsd35qvk4,PLEASE REDELEGATE decommissioning on December 1st 2025,0.05,87,47492,0.000022,1.77E+12,bbnvaloper1u2qq4hy268nz78k4z0dn6tgnv0mqsvsd35qvk4,9989,10352.5,10126,0.964102311,59,
bbnvaloper1lh8xwl9usz3gmzkk5q6w0qruk7jl974822yqfa,ITRocket,0.05,88,37795,0.000018,1.77E+12,bbnvaloper1lh8xwl9usz3gmzkk5q6w0qruk7jl974822yqfa,10173.5,10587.5,10405,0.960211437,59,
bbnvaloper1ngrr9x9p9vte0sx8sm5he6ydwv2zsjtucqjy2d,doricavalidators,0.05,90,32891,0.000015,1.77E+12,bbnvaloper1ngrr9x9p9vte0sx8sm5he6ydwv2zsjtucqjy2d,10038,10426,10232,0.96207975,59,
bbnvaloper1azjf0sl0mycqr7pfedlc7y7xw74tlxhx298g7t,zonaris01,0.1,91,32146,0.000015,1.77E+12,bbnvaloper1azjf0sl0mycqr7pfedlc7y7xw74tlxhx298g7t,10037,10294,10121,0.974607252,2,
bbnvaloper1a2vl9cwsjdlucjuuagfm6jq22eh4nwp7r7453w,Pier Two,0.1,92,31195,0.000015,1.77E+12,bbnvaloper1a2vl9cwsjdlucjuuagfm6jq22eh4nwp7r7453w,10043,10284,10124,0.97619518,2,
bbnvaloper1wnc4w3x02vna0dq744n03t7j8ez9awuj0f3p6d,STAKEME,0.1,93,29386,0.000014,1.77E+12,bbnvaloper1wnc4w3x02vna0dq744n03t7j8ez9awuj0f3p6d,10037,10037,10037,1,2,
bbnvaloper1qtzq2dx69pwftwykzn02nuesjp5sdpvpeacdp3,Moon Core,0.03,94,28518,0.000013,1.77E+12,bbnvaloper1qtzq2dx69pwftwykzn02nuesjp5sdpvpeacdp3,10115.5,10558.5,10210,0.956611166,96,
bbnvaloper1g0nyysqkljccrejm08qrfsm524z3p792jrnges,StakeRelax,0.05,95,24719,0.000012,1.77E+12,bbnvaloper1g0nyysqkljccrejm08qrfsm524z3p792jrnges,5800,10330,10189,0.555402885,59,
bbnvaloper1pqvkkjpawy55ne5506m3jt7rt4hvzk00txv5ms,PanteraStaking Daily Draw,0.03,96,24671,0.000012,1.77E+12,bbnvaloper1pqvkkjpawy55ne5506m3jt7rt4hvzk00txv5ms,9459,10357,10137,0.911413633,96,
bbnvaloper16c54lsflgqnn490xa0l0cewr4rwzykpdks4rul,Injective Labs,0.1,100,9394,0.000004,1.77E+12,bbnvaloper16c54lsflgqnn490xa0l0cewr4rwzykpdks4rul,10044,10302,10127,0.974523551,2,
bbnvaloper1lhuw2c52lfxq2hx9f9z2j9pkj6d9q62e6vkf8q,Simply Staking,0.045,100,8279,0.000004,1.77E+12,bbnvaloper1lhuw2c52lfxq2hx9f9z2j9pkj6d9q62e6vkf8q,10042,10292,10121,0.975298884,95,
bbnvaloper1xesqr8vjvy34jhu027zd70ypl0nnev5evpn4an,Synergy Nodes,0.05,100,6170,0.000003,1.77E+12,bbnvaloper1xesqr8vjvy34jhu027zd70ypl0nnev5evpn4an,10016,10327,10117,0.969259662,59,
bbnvaloper1zet3w69x7ayp4zhpj3v5jhuttvnscrdldfdm30,WhisperNode,0.09,100,6093,0.000003,1.77E+12,bbnvaloper1zet3w69x7ayp4zhpj3v5jhuttvnscrdldfdm30,10040,10297,10127,0.974622297,52,
bbnvaloper1qdrtytrpvvujcn2n42qkvye2dxf03d7pl8xudy,Provalidator,0.1,100,4942,0.000002,1.77E+12,bbnvaloper1qdrtytrpvvujcn2n42qkvye2dxf03d7pl8xudy,10044,10307,10131,0.974040075,2,
bbnvaloper1vlt4lgffrypaplge9h29g08nh26h3dwc4s5uav,Staketab,0.05,100,2432,0.000001,1.77E+12,bbnvaloper1vlt4lgffrypaplge9h29g08nh26h3dwc4s5uav,10045,10268,10125,0.977975309,59,
bbnvaloper1p0mh2afrv4r9asly90e3humg3hh6s4days6r7f,Sunsetted Validator Please Redelegate,0.1,100,1413,0.000001,1.77E+12,bbnvaloper1p0mh2afrv4r9asly90e3humg3hh6s4days6r7f,10040,10329.5,10126,0.971410231,2,
bbnvaloper14qupjskf7sc70xw7vlraslm0v8ftnq48lw9f60,lorenzovalidator,0.1,100,1271,0.000001,1.77E+12,bbnvaloper14qupjskf7sc70xw7vlraslm0v8ftnq48lw9f60,10056,10264,10133,0.979473009,2,
bbnvaloper1nqk042346gn28mda9y6zk8reszxaw0ahqpkfkr,equinoxDAO,0.1,100,1180,0.000001,1.77E+12,bbnvaloper1nqk042346gn28mda9y6zk8reszxaw0ahqpkfkr,10056,10304,10128,0.975513428,2,
bbnvaloper12ff9jhshcx2x95ry86xxpsxu39zv6lzjdccsmf,Swyke,0.1,100,389,0,1.77E+12,bbnvaloper12ff9jhshcx2x95ry86xxpsxu39zv6lzjdccsmf,10045,10304,10131,0.974434903,2,
bbnvaloper1vuxy9elwfnlnfwkpjyvaezwtrfl6j8rjeyn83x,Nodeinfra,0.1,100,372,0,1.77E+12,bbnvaloper1vuxy9elwfnlnfwkpjyvaezwtrfl6j8rjeyn83x,10044,10285,10126,0.976199881,2,
bbnvaloper1a37erd8apjw22rdja62t9pd4yyp8mag54cm8wx,Validation Cloud,0.1,100,28,0,1.77E+12,bbnvaloper1a37erd8apjw22rdja62t9pd4yyp8mag54cm8wx,10022,10243,10102,0.978123144,2,
bbnvaloper1ujkfqw2meh5xn4ncmcdnxf442z0rk96rlz92qq,RedelegateShuttingDown,0.1,100,3,0,1.77E+12,bbnvaloper1ujkfqw2meh5xn4ncmcdnxf442z0rk96rlz92qq,10042,10281,10120,0.976383399,2,
bbnvaloper1vyf8pqdtv0e2n05fjagy7qwvnqcr8w3s7lr637,IAmScRay Please redelegate,0.05,100,2,0,1.77E+12,bbnvaloper1vyf8pqdtv0e2n05fjagy7qwvnqcr8w3s7lr637,9976.5,10131,10078.5,0.984670338,59,
