,address,moniker,commission,rank,token,votingPower,timestamp,a,validatorAddress,q1,q3,median,,
O,osmovaloper1clpqr4nrk4khgkxj78fcwwh6dl3uw4ep88n0y4,Cosmostation,0.05,1,19728114,0.074119,1.76455E+12,1,osmovaloper1clpqr4nrk4khgkxj78fcwwh6dl3uw4ep88n0y4,991,1123,1044,,
O,osmovaloper1z89utvygweg5l56fsk8ak7t6hh88fd0axx2fya,Inotel,0.05,2,12818372,0.048159,1.76455E+12,2,osmovaloper1z89utvygweg5l56fsk8ak7t6hh88fd0axx2fya,990,1112,1042,,
O,osmovaloper130r77dtdgz3yjyyskhrr3j2c90aqezugkhr3rs,Keplr,0.05,3,11079808,0.041627,1.76455E+12,3,osmovaloper130r77dtdgz3yjyyskhrr3j2c90aqezugkhr3rs,983,1094,1033,,
O,osmovaloper1c9ye54e3pzwm3e0zpdlel6pnavrj9qqv5qgdz9,Nansen  Stake to Stack Points,0.05,4,8618442,0.03238,1.76455E+12,4,osmovaloper1c9ye54e3pzwm3e0zpdlel6pnavrj9qqv5qgdz9,988,1111,1039,,
O,osmovaloper10w06wvmdd4xn7hr76gzrv570f7q5uweem5jcd7,TheCybernetics,0.05,5,8586705,0.03226,1.76455E+12,5,osmovaloper10w06wvmdd4xn7hr76gzrv570f7q5uweem5jcd7,986,1111,1039,,
O,osmovaloper1e20nfplac6cp5mga25a3ujvcgly3mfu73e6scn,Mendel,0.05,6,7466316,0.028051,1.76455E+12,6,osmovaloper1e20nfplac6cp5mga25a3ujvcgly3mfu73e6scn,989,1114,1041,,
O,osmovaloper12rzd5qr2wmpseypvkjl0spusts0eruw2g35lkn,Stakecito,0.05,7,6482114,0.024353,1.76455E+12,7,osmovaloper12rzd5qr2wmpseypvkjl0spusts0eruw2g35lkn,987,1111,1039,,
O,osmovaloper1h2c47vd943scjlfum6yc5frvu2l279lwjep5d6,CryptoCrew Validators ,0.05,8,5849947,0.021978,1.76455E+12,8,osmovaloper1h2c47vd943scjlfum6yc5frvu2l279lwjep5d6,991,1114,1043,,
O,osmovaloper1u5v0m74mql5nzfx2yh43s2tke4mvzghr6m2n5t,ECO Stake   REStakeapp,0.05,9,5818852,0.021862,1.76455E+12,9,osmovaloper1u5v0m74mql5nzfx2yh43s2tke4mvzghr6m2n5t,982,1109,1036,,
O,osmovaloper1gp957czryfgyvxwn3tfnyy2f0t9g2p4phpkatp,polkachucom,0.05,10,5463786,0.020528,1.76455E+12,10,osmovaloper1gp957czryfgyvxwn3tfnyy2f0t9g2p4phpkatp,997,1114,1045,,
O,osmovaloper17cp6fxccqxrpj4zc00w2c7u6y0umc2jajsyc5t,Ledger by Figment,0.05,11,5406983,0.020314,1.76455E+12,11,osmovaloper17cp6fxccqxrpj4zc00w2c7u6y0umc2jajsyc5t,992,1113,1043,,
O,osmovaloper15czt5nhlnvayqq37xun9s9yus0d6y26d5jws45,Binary Builders,0.05,12,5369554,0.020174,1.76455E+12,12,osmovaloper15czt5nhlnvayqq37xun9s9yus0d6y26d5jws45,991,1115,1043,,
O,osmovaloper14n8pf9uxhuyxqnqryvjdr8g68na98wn5amq3e5,PRYZM  StakeDrop,0.2,13,5325204,0.020007,1.76455E+12,13,osmovaloper14n8pf9uxhuyxqnqryvjdr8g68na98wn5amq3e5,994,1110,1043,,
O,osmovaloper15urq2dtp9qce4fyc85m6upwm9xul3049wh9czc,Chorus One,0.05,14,5237647,0.019678,1.76455E+12,14,osmovaloper15urq2dtp9qce4fyc85m6upwm9xul3049wh9czc,995,1115,1045,,
O,osmovaloper146mj09yzu3mvz7pmy4dvs4z9wr2mst7rq8p8gy,Interop,0.08,15,4837384,0.018174,1.76455E+12,15,osmovaloper146mj09yzu3mvz7pmy4dvs4z9wr2mst7rq8p8gy,1044,1150,1080,,
O,osmovaloper1hjct6q7npsspsg3dgvzk3sdf89spmlpf6t4agt,Figment,0.05,16,4757317,0.017873,1.76455E+12,16,osmovaloper1hjct6q7npsspsg3dgvzk3sdf89spmlpf6t4agt,991,1113,1042,,
O,osmovaloper1u6jr0pztvsjpvx77rfzmtw49xwzu9kas05lk04,Crosnest,0.05,17,4431558,0.016649,1.76455E+12,17,osmovaloper1u6jr0pztvsjpvx77rfzmtw49xwzu9kas05lk04,982,1108,1035,,
O,osmovaloper1lzhlnpahvznwfv4jmay2tgaha5kmz5qxwmj9we,Citadelone,0.05,18,4221735,0.015861,1.76455E+12,18,osmovaloper1lzhlnpahvznwfv4jmay2tgaha5kmz5qxwmj9we,980,1104,1033,,
O,osmovaloper1xvl4vrlh3epl7desfnqydt4tvexl380ue86syc,Mad Scientists,0.05,19,4099859,0.015403,1.76455E+12,19,osmovaloper1xvl4vrlh3epl7desfnqydt4tvexl380ue86syc,988,1111,1039,,
O,osmovaloper1glmy88g0uf6vmw29pyxu3yq0pxpjqtzqr5e57n, LavenderFive Nodes ,0.05,20,4080695,0.015331,1.76455E+12,20,osmovaloper1glmy88g0uf6vmw29pyxu3yq0pxpjqtzqr5e57n,988,1113,1041,,
O,osmovaloper1e9ucjn5fjmetky5wezzcsccp7hqcwzrrdulz7n,Allnodes,0.05,21,4069717,0.01529,1.76455E+12,21,osmovaloper1e9ucjn5fjmetky5wezzcsccp7hqcwzrrdulz7n,992,1110,1041,,
O,osmovaloper1x20lytyf6zkcrv5edpkfkn8sz578qg5s833swz,Informal Systems,0.05,22,4064114,0.015269,1.76455E+12,22,osmovaloper1x20lytyf6zkcrv5edpkfkn8sz578qg5s833swz,1002,1110,1047,,
O,osmovaloper1wlagucxdxvsmvj6330864x8q3vxz4x025rraa6,DSRV,0.1,23,3801144,0.014281,1.76455E+12,23,osmovaloper1wlagucxdxvsmvj6330864x8q3vxz4x025rraa6,982,1109,1037,,
O,osmovaloper1l7hln0l79erqaw6jdfdwx0hkfmj3dp27gr77ja,Smart Stake ,0.05,24,3670009,0.013788,1.76455E+12,24,osmovaloper1l7hln0l79erqaw6jdfdwx0hkfmj3dp27gr77ja,982,1111,1037,,
O,osmovaloper1cyw4vw20el8e7ez8080md0r8psg25n0cq98a9n,Sentinel dVPN,0.05,25,3571974,0.01342,1.76455E+12,25,osmovaloper1cyw4vw20el8e7ez8080md0r8psg25n0cq98a9n,990,1112,1040,,
O,osmovaloper12zwq8pcmmgwsl95rueqsf65avfg5zcj047ucw6,OmniFlix Network,0.05,26,3538088,0.013293,1.76455E+12,26,osmovaloper12zwq8pcmmgwsl95rueqsf65avfg5zcj047ucw6,985,1104,1038,,
O,osmovaloper16n0t7lmy4wnhjytzkncjdkxrsu9yfjm3ex7hxr,Golden Ratio Staking,0.05,27,3366801,0.012649,1.76455E+12,27,osmovaloper16n0t7lmy4wnhjytzkncjdkxrsu9yfjm3ex7hxr,985,1112,1039,,
O,osmovaloper1r7spsjagrmcfv96w5dxtttajvnxczhcpgfk74g,PRO Delegators,0.05,28,3217909,0.01209,1.76455E+12,28,osmovaloper1r7spsjagrmcfv96w5dxtttajvnxczhcpgfk74g,986,1112,1039,,
O,osmovaloper1t8qckan2yrygq7kl9apwhzfalwzgc2429p8f0s,Imperatorco,0.05,29,3192495,0.011994,1.76455E+12,29,osmovaloper1t8qckan2yrygq7kl9apwhzfalwzgc2429p8f0s,985,1090,1029,,
O,osmovaloper1t48236ajss9wswamwll4nj7up2gqdns52gvyaa,Cosmos Spaces ,0.05,30,3100764,0.01165,1.76455E+12,30,osmovaloper1t48236ajss9wswamwll4nj7up2gqdns52gvyaa,987,1111,1039,,
O,osmovaloper1et4d3he94fs5u98kzms7s0fjhpaf5hx7q6fuy5,Margined Protocol,0.05,31,2991138,0.011238,1.76455E+12,31,osmovaloper1et4d3he94fs5u98kzms7s0fjhpaf5hx7q6fuy5,989,1117,1044,,
O,osmovaloper1czsuul2n7252wcrvk9dvjcjg2qn2qcdd9ue74s,HighStakesch  Daily Airdrops,0.05,32,2913689,0.010947,1.76455E+12,32,osmovaloper1czsuul2n7252wcrvk9dvjcjg2qn2qcdd9ue74s,970,1101,1026,,
O,osmovaloper1e8238v24qccht9mqc2w0r4luq462yxttfpaeam,POSTHUMAN  StakeDrop,0.05,33,2891930,0.010865,1.76455E+12,33,osmovaloper1e8238v24qccht9mqc2w0r4luq462yxttfpaeam,995,1113,1043,,
O,osmovaloper1prmsfrgvla0u8x3kwc8k0mcqqve3h8y73d37nm,Parakeet,1,34,2824460,0.010612,1.76455E+12,34,osmovaloper1prmsfrgvla0u8x3kwc8k0mcqqve3h8y73d37nm,989,1113,1042,,
O,osmovaloper144xwxcrlntp4wjadhrylzc6p3vdzscye6t3f76,DKCMC,0.05,35,2804256,0.010536,1.76455E+12,35,osmovaloper144xwxcrlntp4wjadhrylzc6p3vdzscye6t3f76,981,1106,1034,,
O,osmovaloper1gy0nyn2hscxxayj2pdyu8axmfvv75nnvhc079s,Provalidator,0.05,36,2800847,0.010523,1.76455E+12,36,osmovaloper1gy0nyn2hscxxayj2pdyu8axmfvv75nnvhc079s,988,1112,1041,,
O,osmovaloper1z5xyynz9ewuf044uaweswldut34z34z3cwpt7y,Stakelyio,0.05,37,2731668,0.010263,1.76455E+12,37,osmovaloper1z5xyynz9ewuf044uaweswldut34z34z3cwpt7y,977,1102,1030,,
O,osmovaloper1jxv0u20scum4trha72c7ltfgfqef6nscqx0u46,Ping,0.05,38,2687745,0.010098,1.76455E+12,38,osmovaloper1jxv0u20scum4trha72c7ltfgfqef6nscqx0u46,995,1111,1044,,
O,osmovaloper1xaz2yf5l0qcta60nlc9v4vzufz2r3swte7y8xd,01node,0.05,39,2549724,0.009579,1.76455E+12,39,osmovaloper1xaz2yf5l0qcta60nlc9v4vzufz2r3swte7y8xd,977,1103,1030,,
O,osmovaloper1et77usu8q2hargvyusl4qzryev8x8t9weceqyk,Stargazezone ,0.05,40,2549645,0.009579,1.76455E+12,40,osmovaloper1et77usu8q2hargvyusl4qzryev8x8t9weceqyk,987,1108,1037,,
O,osmovaloper1nna7k5lywn99cd63elcfqm6p8c5c4qcu6ex2gp,IcyCRO ,0.05,41,2548773,0.009576,1.76455E+12,41,osmovaloper1nna7k5lywn99cd63elcfqm6p8c5c4qcu6ex2gp,983,1112,1039,,
O,osmovaloper15knxwwzq38lwe3e3rul8cpcew9n6u0gq7x38cj,Chihuahua,0.05,42,2478251,0.009311,1.76455E+12,42,osmovaloper15knxwwzq38lwe3e3rul8cpcew9n6u0gq7x38cj,981,1106,1034,,
O,osmovaloper10ymws40tepmjcu3a2wuy266ddna4ktas0zuzm4,Chandra Station ,0.05,43,2422158,0.0091,1.76455E+12,43,osmovaloper10ymws40tepmjcu3a2wuy266ddna4ktas0zuzm4,990,1110,1041,,
O,osmovaloper1sjllsnramtg3ewxqwwrwjxfgc4n4ef9ua8h4lf,stakefish,0.05,44,2380497,0.008944,1.76455E+12,44,osmovaloper1sjllsnramtg3ewxqwwrwjxfgc4n4ef9ua8h4lf,995,1116,1045,,
O,osmovaloper1xwazl8ftks4gn00y5x3c47auquc62ssuh8af89,jabbey,0.06,45,2318453,0.00871,1.76455E+12,45,osmovaloper1xwazl8ftks4gn00y5x3c47auquc62ssuh8af89,980,1105,1033,,
O,osmovaloper14amduhjazqhwtkhm6kutdcy4ux5zazf5k803tq,Leonoors Cryptoman,0.05,46,2261244,0.008496,1.76455E+12,46,osmovaloper14amduhjazqhwtkhm6kutdcy4ux5zazf5k803tq,988,1111,1041,,
O,osmovaloper125kjmvuv5sv7qct2t6wc99h3mp7hpyxw37dcgg,interchainFM,0.05,47,2213898,0.008318,1.76455E+12,47,osmovaloper125kjmvuv5sv7qct2t6wc99h3mp7hpyxw37dcgg,988,1112,1041,,
O,osmovaloper1tj76vuaqu23eex2v6vlqc93ytsselvama69re6,Interstellar ,0.05,48,2190283,0.008229,1.76455E+12,48,osmovaloper1tj76vuaqu23eex2v6vlqc93ytsselvama69re6,990,1113,1042,,
O,osmovaloper1zqevmn000unnjj709akc8p86f9jc4xevf8f8g3,OWALLET,0.05,49,2187655,0.008219,1.76455E+12,49,osmovaloper1zqevmn000unnjj709akc8p86f9jc4xevf8f8g3,977,1104,1031,,
O,osmovaloper196ax4vc0lwpxndu9dyhvca7jhxp70rmcmmarz7,SG1,0.05,50,2161286,0.00812,1.76455E+12,50,osmovaloper196ax4vc0lwpxndu9dyhvca7jhxp70rmcmmarz7,992,1114,1043,,
O,osmovaloper1eh5mwu044gd5ntkkc2xgfg8247mgc56f4dlt9h,BouBouNode,0.061,51,2107956,0.00792,1.76455E+12,51,osmovaloper1eh5mwu044gd5ntkkc2xgfg8247mgc56f4dlt9h,1018,1128,1060,,
O,osmovaloper14kn0kk33szpwus9nh8n87fjel8djx0y0fhtak5,Forbole,0.05,52,2056614,0.007727,1.76455E+12,52,osmovaloper14kn0kk33szpwus9nh8n87fjel8djx0y0fhtak5,983,1108,1036,,
,osmovaloper15xstrgzpwhduklvyhy9g7gu774lm8cjjxdvlw6,NodeGuardians Decommissioned,0.05,53,2051281,0.007707,1.76455E+12,54,osmovaloper135p8cjwa3hnnnksjxchda0a6339z9zm7cudyxn,982,1106,1036,,
O,osmovaloper135p8cjwa3hnnnksjxchda0a6339z9zm7cudyxn,BackBone Labs  Delegate for SOUL Claim Drop,0.06,54,1990418,0.007478,1.76455E+12,55,osmovaloper10jm8fvdyqlj78w0j5nawc76wsn4pqmdxgzgh4c,994,1123,1052,,
O,osmovaloper10jm8fvdyqlj78w0j5nawc76wsn4pqmdxgzgh4c,NosNode,0.05,55,1820826,0.006841,1.76455E+12,56,osmovaloper1j0vaeh27t4rll7zhmarwcuq8xtrmvqhu6m87mz,997,1126,1050,,
O,osmovaloper1j0vaeh27t4rll7zhmarwcuq8xtrmvqhu6m87mz,Chainflow,0.05,56,1777821,0.006679,1.76455E+12,57,osmovaloper1ej2es5fjztqjcd4pwa0zyvaevtjd2y5w37wr9t,995,1119,1045,,
O,osmovaloper1ej2es5fjztqjcd4pwa0zyvaevtjd2y5w37wr9t,Frens ,0.1,57,1752446,0.006584,1.76455E+12,59,osmovaloper10rsjwrcj7maz4f0l8dh3smjd022n9ya8ycuyg7,1001,1121,1049,,
,osmovaloper1q4mlwtw3ncve72na65xacck557wcknc8j0lmke,CoinbaseShuttingDown,0.1,58,1750656,0.006577,1.76455E+12,60,osmovaloper1lfn5ywlunadd3fl8lcem05ew7vezns2kx06pf0,1047,1159,1086,,
O,osmovaloper10rsjwrcj7maz4f0l8dh3smjd022n9ya8ycuyg7,Active Nodes,0.05,59,1730090,0.0065,1.76455E+12,61,osmovaloper1f6wx6r7567wu5j4ysskshkmsrk29sme97x25ca,998,1123,1050,,
O,osmovaloper1lfn5ywlunadd3fl8lcem05ew7vezns2kx06pf0,nonce community  Please Undelegate,0.05,60,1555041,0.005842,1.76455E+12,62,osmovaloper16q8xd335y38xk2ul67mjg27vdnrcnklt4wx6kt,1020,1132,1062,,
O,osmovaloper1f6wx6r7567wu5j4ysskshkmsrk29sme97x25ca,Crypto Assassin,0.05,61,1537498,0.005776,1.76455E+12,63,osmovaloper1rtlg9jnlezwg83eep5zu25sfxndgud5aeqjld4,990,1112,1042,,
O,osmovaloper16q8xd335y38xk2ul67mjg27vdnrcnklt4wx6kt,StakeLabzone,0.05,62,1440913,0.005414,1.76455E+12,64,osmovaloper1zlymlax05tg9km9jyw496jx60v86m454a3xf3m,1005,1125,1056,,
O,osmovaloper1rtlg9jnlezwg83eep5zu25sfxndgud5aeqjld4,Xilodyne,0.05,63,1435964,0.005395,1.76455E+12,65,osmovaloper16s96n9k9zztdgjy8q4qcxp4hn7ww98qk5wjn0s,990,1113,1041,,
O,osmovaloper1zlymlax05tg9km9jyw496jx60v86m454a3xf3m,Larry Engineer,0.05,64,1401437,0.005265,1.76455E+12,66,osmovaloper1gr73xk8gmn3gdyx4cqf5s4hmkxwcgkq8lx8xwv,993,1114,1044,,
O,osmovaloper16s96n9k9zztdgjy8q4qcxp4hn7ww98qk5wjn0s,Nodeify,0.05,65,1364246,0.005126,1.76455E+12,67,osmovaloper1pxphtfhqnx9ny27d53z4052e3r76e7qq495ehm,992,1115,1043,,
O,osmovaloper1gr73xk8gmn3gdyx4cqf5s4hmkxwcgkq8lx8xwv,Chainscope,0.05,66,1303542,0.004897,1.76455E+12,68,osmovaloper1y0us8xvsvfvqkk9c6nt5cfyu5au5tww24nrlnx,1002,1120,1052,,
O,osmovaloper1pxphtfhqnx9ny27d53z4052e3r76e7qq495ehm, AutoStake  Slash Protected,0.05,67,1299505,0.004882,1.76455E+12,70,osmovaloper1tf7wjthwt9mgywqvjdkj974rp5awzzm43ddhlp,996,1120,1047,,
O,osmovaloper1y0us8xvsvfvqkk9c6nt5cfyu5au5tww24nrlnx,Swiss Staking,0.05,68,1193086,0.004482,1.76455E+12,71,osmovaloper17r0cp9zrtkvzlz7a2r09gmdxwqfyje98gfer6u,992,1116,1043,,
,osmovaloper1l38793cjjks9k70wkxdq7w3auhjmqu9s9l4njy,Manythings,0.1,69,1139030,0.004279,1.76455E+12,72,osmovaloper1n3mhyp9fvcmuu8l0q8qvjy07x0rql8q4d3kvts,1002,1117,1049,,
O,osmovaloper1tf7wjthwt9mgywqvjdkj974rp5awzzm43ddhlp,Booga Beras,0.05,70,1100032,0.004133,1.76455E+12,73,osmovaloper1lmxrexaxuc7ealq4wqdgzrczajhhrenrdlhxha,931,1080,1004,,
O,osmovaloper17r0cp9zrtkvzlz7a2r09gmdxwqfyje98gfer6u,Kahuna,0.05,71,1095872,0.004117,1.76455E+12,74,osmovaloper19v94c3z7ckarwsum76kaagma0wqsqhh54xucdk,990,1115,1043,,
O,osmovaloper1n3mhyp9fvcmuu8l0q8qvjy07x0rql8q4d3kvts,0basevc,0.05,72,1058071,0.003975,1.76455E+12,75,osmovaloper12vmqh2phzwuavl50vyfhmcath5lecqxgsc3vdc,991,1117,1043,,
O,osmovaloper1lmxrexaxuc7ealq4wqdgzrczajhhrenrdlhxha,Chiter in Cosmos ,0.05,73,1016314,0.003818,1.76455E+12,76,osmovaloper1xf9zpq5kpxks49cg606tzd8qstaykxgt2vs0d5,998,1119,1048,,
O,osmovaloper19v94c3z7ckarwsum76kaagma0wqsqhh54xucdk,Validatus,0.05,74,964776,0.003625,1.76455E+12,77,osmovaloper1m73mgwn3cm2e8x9a9axa0kw8nqz8a492vg4hp4,991,1118,1043,,
O,osmovaloper12vmqh2phzwuavl50vyfhmcath5lecqxgsc3vdc,Atlas Staking Autocompound Rewards,0.05,75,911006,0.003423,1.76455E+12,78,osmovaloper1xk23a255qm4kn6gdezr6jm7zmupn23t3pqjjn6,1003,1123,1052,,
O,osmovaloper1xf9zpq5kpxks49cg606tzd8qstaykxgt2vs0d5,ShapeShift DAO,0.05,76,883619,0.00332,1.76455E+12,80,osmovaloper1n56swda49evz92zhcw2xc8esx6kzt8qm62hkep,987,1113,1038,,
O,osmovaloper1m73mgwn3cm2e8x9a9axa0kw8nqz8a492vg4hp4,Oldcat  airdrop DHK every month,0.05,77,871577,0.003275,1.76455E+12,82,osmovaloper1wgmdcxzp49vjgrqusgcagq6qefk4mtjv5c0k7q,1030,1140,1071,,
O,osmovaloper1xk23a255qm4kn6gdezr6jm7zmupn23t3pqjjn6,Tedcryptoio   TedLotto,0.05,78,774267,0.002909,1.76455E+12,83,osmovaloper1cmqh34lt9d457ajk9g94eg2pswrpr08rxqwsyy,997,1121,1048,,
,osmovaloper15004ysvmqnqzkvt7x6s4cd53flmmvgfv6t4y9y,Interbloc,0.05,79,722890,0.002716,1.76455E+12,85,osmovaloper1grgelyng2v6v3t8z87wu3sxgt9m5s03x7uy20c,1009,1124,1056,,
O,osmovaloper1n56swda49evz92zhcw2xc8esx6kzt8qm62hkep,Tessellated,0.05,80,707511,0.002658,1.76455E+12,86,osmovaloper1kgddca7qj96z0qcxr2c45z73cfl0c75pf37k8l,1004,1121,1051,,
,osmovaloper17mggn4znyeyg25wd7498qxl7r2jhgue8td054x,Please redelegate to 01node new valdiator,0.05,81,704164,0.002646,1.76455E+12,87,osmovaloper1ux0wrpy2gpeteahn8r95xjketyf0nn800ztng4,979,1106,1030,,
O,osmovaloper1wgmdcxzp49vjgrqusgcagq6qefk4mtjv5c0k7q,DO NOT STAKE,0.05,82,701189,0.002634,1.76455E+12,88,osmovaloper1q5xvvmf03dx8amz66ku6z0x4u39f0aphqf42wc,1002.5,1108,1045.5,,
O,osmovaloper1cmqh34lt9d457ajk9g94eg2pswrpr08rxqwsyy,nonce classic,0.1,83,695942,0.002615,1.76455E+12,90,osmovaloper1f7jtv9sd3g9jay64zrydfqh7l3eqdzgs289m8u,997,1119,1044.5,,
,osmovaloper1thsw3n94lzxy0knhss9n554zqp4dnfzx78j7sq,wosmongton,0.05,84,688303,0.002586,1.76455E+12,91,osmovaloper122yaxffys6rmv03nwwkmn3rvr5skzxl9lry2a5,1000,1122,1050,,
O,osmovaloper1grgelyng2v6v3t8z87wu3sxgt9m5s03x7uy20c,iqlusion,0.07,85,664872,0.002498,1.76455E+12,92,osmovaloper1e8zrt3wq2wu854e8kfe0fg2y4rpakql37u0l4uwzv2cv0dng4ntqst76th,1036,1142,1073,,
O,osmovaloper1kgddca7qj96z0qcxr2c45z73cfl0c75pf37k8l,ChainLayer,0.05,86,653202,0.002454,1.76455E+12,93,osmovaloper1md9f5524vtmrn64lyv2pdfn7cnkjkklf44vtjz,1024,1142,1066,,
O,osmovaloper1ux0wrpy2gpeteahn8r95xjketyf0nn800ztng4,Ethernodes,0.05,87,619193,0.002326,1.76455E+12,94,osmovaloper14ts0j42qkpr43a3tgxr7zz6l6zdf7hdes5jpma,1004,1129,1054,,
O,osmovaloper1q5xvvmf03dx8amz66ku6z0x4u39f0aphqf42wc,Shutdown in November  Please redelegate  Meria,0.05,88,616037,0.002314,1.76455E+12,95,osmovaloper13tk45jkxgf7w0nxquup3suwaz2tx483xe832ge,1000,1126,1051,,
,osmovaloper1jvqv650snr7gaee2wsvkx9nf9gwuj946zxa7z4,Please Redelegate,0.05,89,610561,0.002294,1.76455E+12,96,osmovaloper1e893vrtzzp6zyzs80tqg52j2vdckzqrdjrjva5,969.5,1103,1024,,
O,osmovaloper1f7jtv9sd3g9jay64zrydfqh7l3eqdzgs289m8u,Trust Nodes,0.1,90,609339,0.002289,1.76455E+12,98,osmovaloper1ehkfl7palwrh6w2hhr2yfrgrq8jetguct4ddyl,1013,1128,1058,,
O,osmovaloper122yaxffys6rmv03nwwkmn3rvr5skzxl9lry2a5,Stakewollecom 100 Insurance,0.05,91,562594,0.002114,1.76455E+12,99,osmovaloper17h2x3j7u44qkrq0sk8ul0r2qr440rwgjp38f93,992,1120,1044,,
O,osmovaloper1e8zrt3wq2wu854e8kfe0fg2y4rpakql37u0l4uwzv2cv0dng4ntqst76th,DAO DAO,0.05,92,548701,0.002061,1.76455E+12,100,osmovaloper1pjmngrwcsatsuyy8m3qrunaun67sr9x74vvvdk,1000,1129,1053,,
O,osmovaloper1md9f5524vtmrn64lyv2pdfn7cnkjkklf44vtjz,WhisperNode ,0.05,93,538848,0.002024,1.76455E+12,102,osmovaloper18wkkhsrsw7gwl3z9gn6e25ag3sn0crzp2tp9t0,1007,1129,1055,,
O,osmovaloper14ts0j42qkpr43a3tgxr7zz6l6zdf7hdes5jpma,Obi,0.05,94,513680,0.00193,1.76455E+12,103,osmovaloper13t30u88ehaq3dlp5uzkxmn9u98nrskjyrutvvs,1016,1133,1062,,
O,osmovaloper13tk45jkxgf7w0nxquup3suwaz2tx483xe832ge,BronBro,0.05,95,513429,0.001929,1.76455E+12,104,osmovaloper1rhjvcesshc833dqwdlwskwcjz08gcnxq73dnqc,1016,1134,1061,,
O,osmovaloper1e893vrtzzp6zyzs80tqg52j2vdckzqrdjrjva5,Stake Shark,0.1,96,492714,0.001851,1.76455E+12,105,osmovaloper1s29zkm444lr8u4jjfkrycl9wh8gttwfze230hj,1007,1131,1056,,
,osmovaloper1r2u5q6t6w0wssrk6l66n3t2q3dw2uqny4gj2e3,strangelove,0.05,97,490840,0.001844,1.76455E+12,107,osmovaloper1feh2keupglep6mvxf5c96eulh3puujjryj2h8v,1007,1122,1054,,
O,osmovaloper1ehkfl7palwrh6w2hhr2yfrgrq8jetguct4ddyl,KalpaTech,0.05,98,469144,0.001763,1.76455E+12,109,osmovaloper16j5hsdrcaa6950ks0rf944rgmncukl74cs7yw6,1003,1127,1053,,
O,osmovaloper17h2x3j7u44qkrq0sk8ul0r2qr440rwgjp38f93,FreshSTAKING,0.069,99,446630,0.001678,1.76455E+12,111,osmovaloper1ddle9tczl87gsvmeva3c48nenyng4n56yscals,1006,1124,1053,,
O,osmovaloper1pjmngrwcsatsuyy8m3qrunaun67sr9x74vvvdk,Cypher Core,0.1,100,441729,0.00166,1.76455E+12,113,osmovaloper1juczud9nep06t0khghvm643hf9usw45r3jxhxn,969,1095,1022,,
,osmovaloper1xaunn3pnvnkkue5unpxgucme5n0fqyzxqwfghe,BeehiveOfficial,0.05,101,419613,0.001577,1.76455E+12,115,osmovaloper1hk64xxqufcdyh627s29mruep8yfmxpuuclacer,998,1112,1045,,
O,osmovaloper18wkkhsrsw7gwl3z9gn6e25ag3sn0crzp2tp9t0,White Marlin Staking,0.05,101,395848,0.001487,1.76455E+12,124,osmovaloper1ta3zed9p4q2ynnpgrw7m63wqd9e4xg2pal6v97,901,1068,976,,
O,osmovaloper13t30u88ehaq3dlp5uzkxmn9u98nrskjyrutvvs,Go,0.075,101,384903,0.001446,1.76455E+12,126,osmovaloper13x4pynlp86prhcmtns742kgsgu7pjtzjz4a3nk,923,1073.5,999,,
O,osmovaloper1rhjvcesshc833dqwdlwskwcjz08gcnxq73dnqc,artifact,0.05,101,370957,0.001394,1.76455E+12,134,osmovaloper1yxg83zcuwfwvyagdzh3a8p45cgqxtrsg2segqf,1030,1147,1071,,
O,osmovaloper1s29zkm444lr8u4jjfkrycl9wh8gttwfze230hj,Silk Nodes,0.05,101,339604,0.001276,1.76455E+12,135,osmovaloper1cwurrzatev9lfkn3ak6hh59t6yc0zy00rzp8yd,917,1078,998.5,,
,osmovaloper1yp8qwkfs964pkg3rge3k6ree2e6lrttgc8aqzn,coinhallorg,0.05,101,320703,0.001205,1.76455E+12,139,osmovaloper1u2wsa88eh738mk35a3cncgu7lc6cqf74jdl50x,1037,1160,1078,,
O,osmovaloper1feh2keupglep6mvxf5c96eulh3puujjryj2h8v,Simply Staking,0.05,101,311734,0.001171,1.76455E+12,140,osmovaloper1h6pv6eymyf40w0xjuuacj3vnu9lxwq8u0nm7uj,1028,1142,1070,,
,osmovaloper10kn8nhlchp3qxdvsvte4zepfkpvlfarp8nk8pf,PLEASE REDELEGATE SUNSETTING,0.05,101,302556,0.001137,1.76455E+12,148,osmovaloper1d5ada26tcd24wltfakqkkdu3656k6n4chnyz8h,898,1057,990.5,,
O,osmovaloper16j5hsdrcaa6950ks0rf944rgmncukl74cs7yw6,SmartNodes,0.05,101,299610,0.001126,1.76455E+12,154,osmovaloper1j7euyj85fv2jugejrktj540emh9353ltnz0lvc,878,1022,977,,
,osmovaloper123nfq6m8f88m4g3sky570unsnk4zng4u6mkmvq,SHUTDOWNSOON,0.05,101,298356,0.001121,1.76455E+12,156,osmovaloper1mt33s7d3mdshunkt37tkugumq3uxfw2wcvrspk,888,1045,973.5,,
O,osmovaloper1ddle9tczl87gsvmeva3c48nenyng4n56yscals,Vitwit Previously Witval,0.05,101,296957,0.001116,1.76455E+12,157,osmovaloper1tm7wyp4wjqfa2txadfxnvmun65mqpz76dxh4du,1006,1118,1051,,
,osmovaloper1uxn3xw4xzyvu3xka0fr7krsfzyp8af3eyyurzh,S16 Research Ventures,0.05,101,245403,0.000922,1.76455E+12,165,osmovaloper10pt2rk73ksua9nee7c2x5le4yxqnczuefgae62,1020,1132,1063,,
O,osmovaloper1juczud9nep06t0khghvm643hf9usw45r3jxhxn,Kintsugi Nodes,0.05,101,233194,0.000876,1.76455E+12,175,osmovaloper1n3xtg6dpk8wvusank9s2h9j39l2taac88els9n,847,981,921,,
,osmovaloper1z0sh4s80u99l6y9d3vfy582p8jejeeu6tcucs2, block pane ,0.05,101,230282,0.000865,1.76455E+12,181,osmovaloper16rnhjchh7fgcm37c52vuqxhv0hvdsmls3f8aw9,808,808,808,,
O,osmovaloper1hk64xxqufcdyh627s29mruep8yfmxpuuclacer,Peregrine,0.05,101,173818,0.000653,1.76455E+12,,,,,,,
,osmovaloper1000ya26q2cmh399q4c5aaacd9lmmdqp9cwpvl4,Staking Fund  REDELEGATE,0.05,101,163723,0.000615,1.76455E+12,,,,,,,
,osmovaloper1ls4kmz5v7ytwcqmmchkex970565j8q3d5s6gdw,REDELEGATE IM SHUTTING HER DOWN,0.05,101,159335,0.000599,1.76455E+12,,,,,,,
,osmovaloper182d2cjt4al2qxkrgx2kp3v8rvm2jc50ft8wz57,Multiplex,0.05,101,146676,0.000551,1.76455E+12,,,,,,,
,osmovaloper1crg24mgm8l3qe7ej9l8t7tsttp40aaas4xmkhx,ushakov,0.05,101,146391,0.00055,1.76455E+12,,,,,,,
,osmovaloper1s33zct2zhhaf60x4a90cpe9yquw99jj0x8t08z,REDELEGATE,0.08,101,141830,0.000533,1.76455E+12,,,,,,,
,osmovaloper1969qjenvrjxrypynv36j9hjmlxrqgmy0xq3dg2,Nocturnal Labs deprecated,0.05,101,141404,0.000531,1.76455E+12,,,,,,,
,osmovaloper1qx6kgrla69wmz90tn379p4kaux5prdkucgvfuf,Hathor Node,0.05,101,134189,0.000504,1.76455E+12,,,,,,,
,osmovaloper13xfu3eeux3u80fxh9w4lpdg6fd34723cfgxnlv,Zenscape,0.05,101,130579,0.000491,1.76455E+12,,,,,,,
O,osmovaloper1ta3zed9p4q2ynnpgrw7m63wqd9e4xg2pal6v97,NexuSecurus,0.1,101,121116,0.000455,1.76455E+12,,,,,,,
,osmovaloper16vnsrhxsyamf4f4eln6g587qwwd39fte2m2ysc,Klub Staking,0.06,101,118044,0.000443,1.76455E+12,,,,,,,
O,osmovaloper13x4pynlp86prhcmtns742kgsgu7pjtzjz4a3nk,CryptoDungeon,0.05,101,111996,0.000421,1.76455E+12,,,,,,,
,osmovaloper14537vk6xr9qfptpw2090c589w7a8cm0e0wyv3u,Do Not Delegate,0.05,101,110298,0.000414,1.76455E+12,,,,,,,
,osmovaloper1x2e2pnenh0mmc99cnp7sukngnt8lc4saljavr3,Atomic Nodes,0.1,101,109944,0.000413,1.76455E+12,,,,,,,
,osmovaloper1ualhu3fjgg77g485gmyswkq3w0dp7gysdcdgw2,stakesystems  autocompound,0.05,101,105215,0.000395,1.76455E+12,,,,,,,
,osmovaloper1v5y0tg0jllvxf5c3afml8s3awue0ymjusax93d,ZKV,0.07,101,104091,0.000391,1.76455E+12,,,,,,,
,osmovaloper1kls9ca0h980sqfmt0497jj8kad3lcws6g08mld,Merkan,0.05,101,96116,0.000361,1.76455E+12,,,,,,,
,osmovaloper1pgl5usqpelz3a4c04g6t3yyvlrc9yseylmtcnt,Secure Secrets,0.05,101,88077,0.000331,1.76455E+12,,,,,,,
,osmovaloper1pz8wre7clpym5cz9ufpt6nvcayvspqqh7yw4y7,Beehive,0.05,101,82285,0.000309,1.76455E+12,,,,,,,
O,osmovaloper1yxg83zcuwfwvyagdzh3a8p45cgqxtrsg2segqf,SpectrumX,0.05,101,72658,0.000273,1.76455E+12,,,,,,,
O,osmovaloper1cwurrzatev9lfkn3ak6hh59t6yc0zy00rzp8yd,Coinage x DAIC,0.05,101,71233,0.000268,1.76455E+12,,,,,,,
,osmovaloper103s29j7dyc3utljce802m38p2kk89taj0r2hxa,commercionetwork,0.05,101,70255,0.000264,1.76455E+12,,,,,,,
,osmovaloper16x4vlh65q5yqa3ghyxs3d9f3mgdz8t2z20ap0r,NotionalVentures,0.05,101,69733,0.000262,1.76455E+12,,,,,,,
,osmovaloper1dvpxxkksf5hrhnycsgyyjnal79lp7gp3n59t0d,Chill Validation,0.05,101,69731,0.000262,1.76455E+12,,,,,,,
O,osmovaloper1u2wsa88eh738mk35a3cncgu7lc6cqf74jdl50x,NFTSwitchxyz  Delegate for SOUL Claim Drop,0.05,101,65314,0.000245,1.76455E+12,,,,,,,
O,osmovaloper1h6pv6eymyf40w0xjuuacj3vnu9lxwq8u0nm7uj,CroutonDigital,0.05,101,65226,0.000245,1.76455E+12,,,,,,,
,osmovaloper19j2hd230c3hw6ds843yu8akc0xgvdvyu4arf82,vidoinfo,0.05,101,64055,0.000241,1.76455E+12,,,,,,,
,osmovaloper1k5mws9tqgflx6rvhq6x0tnsdw0ddfkptwf3ch9,Levana  Powered by Cros Nest,0.05,101,62715,0.000236,1.76455E+12,,,,,,,
,osmovaloper1083svrca4t350mphfv9x45wq9asrs60c6rv0j5,Notional,0.05,101,62675,0.000235,1.76455E+12,,,,,,,
,osmovaloper1cqdhr7arcezmkhy32qzsqsjvq2rheuhxw9uq8w,Gelotto  Slash Protected,0.05,101,61630,0.000232,1.76455E+12,,,,,,,
,osmovaloper1fdratlcgy56etxd07n03vcfm20m4mff8qzn2p3,Ethereal Ventures,0.06,101,61506,0.000231,1.76455E+12,,,,,,,
,osmovaloper13x77yexvf6qexfjg9czp6jhpv7vpjdwwpuclc8,blockscape,0.05,101,60380,0.000227,1.76455E+12,,,,,,,
,osmovaloper1mmzazkl47l9e7aqrygp5kks9n30gcc730qlmwe,Kleomedes,0.05,101,59661,0.000224,1.76455E+12,,,,,,,
O,osmovaloper1d5ada26tcd24wltfakqkkdu3656k6n4chnyz8h,GATA HUB,0.05,101,50070,0.000188,1.76455E+12,,,,,,,
,osmovaloper106yua27d3dg4er6w2fkq68s5svd9hngu35nxqr,Moved to Oldcat  airdrop DHK every month Please redelgate,0.05,101,47985,0.00018,1.76455E+12,,,,,,,
,osmovaloper1sxx9mszve0gaedz5ld7qdkjkfv8z992a3z2szp,validatornetwork,0.05,101,44277,0.000166,1.76455E+12,,,,,,,
,osmovaloper1udp8gef365zcqhlxuepewrxuep9thjanuhxcaw,Astroquirks,0.05,101,40029,0.00015,1.76455E+12,,,,,,,
,osmovaloper1dnmz4yzv73lr3lmauuaa0wpwn8zm8s20lg3pg9,bryanlabs DECOMMISSIONED,0.1,101,37511,0.000141,1.76455E+12,,,,,,,
,osmovaloper1w4x44ek799hvg97x0mfwu6gg5dww2r8fdpqql4,SHUTTING DOWN AUDITone,0.05,101,37031,0.000139,1.76455E+12,,,,,,,
O,osmovaloper1j7euyj85fv2jugejrktj540emh9353ltnz0lvc,Komikuri,0.05,101,33306,0.000125,1.76455E+12,,,,,,,
,osmovaloper150722lyxdh25vhhwp89qxp3574lv4tx8j6u0ge,CrowdControl,0.05,101,32160,0.000121,1.76455E+12,,,,,,,
O,osmovaloper1mt33s7d3mdshunkt37tkugumq3uxfw2wcvrspk,DELIGHT,0.05,101,31559,0.000119,1.76455E+12,,,,,,,
O,osmovaloper1tm7wyp4wjqfa2txadfxnvmun65mqpz76dxh4du,SolidarityNode,0.05,101,28994,0.000109,1.76455E+12,,,,,,,
,osmovaloper19fec46jadzr4y6gd596kkf8sskm7eyq32kkwc7,Redelegate to AlphaNodes,0.05,101,27242,0.000102,1.76455E+12,,,,,,,
,osmovaloper12t3xdsjlkczucc3dznpvrll7n9lyt3mulhp7ue,binance staking,0.05,101,26825,0.000101,1.76455E+12,,,,,,,
,osmovaloper1japz8jxqcd7zlrcavd53l8vs2w6ukufrju7lyk,HFA X Defi Dojo,0.05,101,26259,0.000099,1.76455E+12,,,,,,,
,osmovaloper1t3v9clrvqeudph4gf9fthcn4csalahfuq3nhme,Quebec,0.05,101,24976,0.000094,1.76455E+12,,,,,,,
,osmovaloper17z6mxxmkk5vykq6m4c2vexqjs6eq0zqualtqu3,Bored Ape Server,0.05,101,21543,0.000081,1.76455E+12,,,,,,,
,osmovaloper14suzzfw7rkz7uke8w9lhttnvewku7sd06djndg,StakeThat  autorestake,0.05,101,21213,0.00008,1.76455E+12,,,,,,,
,osmovaloper1q6xc9x054z9y7ll7k740j2cvdsllsfhs5rxyaj,decomm,0.05,101,18505,0.00007,1.76455E+12,,,,,,,
O,osmovaloper10pt2rk73ksua9nee7c2x5le4yxqnczuefgae62,Blocks United,0.05,101,18216,0.000068,1.76455E+12,,,,,,,
,osmovaloper1c0hr48wkpfcmdljz0xjdxqak4a09ngs366wp8x,StakeRelax ,0.05,101,16133,0.000061,1.76455E+12,,,,,,,
,osmovaloper1fr62zx24gapdul0gze8lt3y9fmtt7h6mqq0amd,LikeCoin by Liker Land,0.05,101,16089,0.00006,1.76455E+12,,,,,,,
,osmovaloper102ruvpv2srmunfffxavttxnhezln6fncrdjd27,ztakeorg,0.07,101,15512,0.000058,1.76455E+12,,,,,,,
,osmovaloper14lzvt4gdwh2q4ymyjqma0p4j4aykpn92l4warr,reynisfjara,1,101,13474,0.000051,1.76455E+12,,,,,,,
,osmovaloper1273zsxhxd5dlgcr2zjf5x25275hjcp3udgkz9z,Coverlet,0.05,101,13114,0.000049,1.76455E+12,,,,,,,
,osmovaloper1cunqeg5ydl0zvg5jm748xpc90hsz4ufu2kqvgy,Somatic Labs,0.06942,101,11868,0.000045,1.76455E+12,,,,,,,
,osmovaloper1rcp29q3hpd246n6qak7jluqep4v006cd8q9sme,Polaris,1,101,11675,0.000044,1.76455E+12,,,,,,,
,osmovaloper1tv9wnreg9z5qlxyte8526n7p3tjasndede2kj9,decommissioned,0.2,101,11336,0.000043,1.76455E+12,,,,,,,
,osmovaloper1d4pn8f3q5dn0g4uwr2egh5mgzrnf7fhh53tuu4,,0.05,101,11264,0.000042,1.76455E+12,,,,,,,
O,osmovaloper1n3xtg6dpk8wvusank9s2h9j39l2taac88els9n,PoS Node,0.05,101,11175,0.000042,1.76455E+12,,,,,,,
,osmovaloper13eq5c99ym05jn02e78l8cac2fagzgdhh4294zk,Frog OSMO,1,101,8370,0.000031,1.76455E+12,,,,,,,
,osmovaloper1cm83xqns9sqhv9a8vd6fggt6mvuu8mmzszknae,NodesByGirls ,0.05,101,7448,0.000028,1.76455E+12,,,,,,,
,osmovaloper1cv4leeaavx5lu5n7jgrdklt76rgx2xtdnmvwnu,MrK,0.05,101,7007,0.000026,1.76455E+12,,,,,,,
,osmovaloper1vkfmegxrsveefn2wmudh7apxuzu2n77654ad62,Please redelegate  Decommissioning,0.05,101,6207,0.000023,1.76455E+12,,,,,,,
,osmovaloper15ft5d3dp9e9u4c3jxpxaqfmucnnrmgqtt454my, BK Stakehouse ,0.05,101,6154,0.000023,1.76455E+12,,,,,,,
O,osmovaloper16rnhjchh7fgcm37c52vuqxhv0hvdsmls3f8aw9,Stakeflow,0.07,101,5242,0.00002,1.76455E+12,,,,,,,
,osmovaloper1symf474wnypes2d3mecllqk6l26rwz8m720t3k,BlockHunters ,0.05,101,5066,0.000019,1.76455E+12,,,,,,,
,osmovaloper1zxavllftfx3a3y5ldfyze7jnu5uyuktsfx2jcc,MultiChain Ventures,0.05,101,4118,0.000015,1.76455E+12,,,,,,,
,osmovaloper14fpkylq7y7eenakv0h56yu8jh922p9uvyeugty,Dora Factory Closed,0.2,101,3819,0.000014,1.76455E+12,,,,,,,
,osmovaloper133va8vgy0ygfjmvzy64pgay5w6lg4239nagwnk,,0.05,101,3025,0.000011,1.76455E+12,,,,,,,
,osmovaloper13e2ale5hzxx2ca70eg50psd894hn7gkkn6w6ly,DEFUNCT,0.05,101,3000,0.000011,1.76455E+12,,,,,,,
,osmovaloper1vrw2c99yvu5t9gugzuj38w35vmhmazzgx7dckk,Valnodes  Carbon Neutral Staking,0.05,101,2937,0.000011,1.76455E+12,,,,,,,
,osmovaloper16gm3cvhluf9xfurkx9qgxq7pldvd479l0j6zms,SpacePotato,0.1,101,2825,0.000011,1.76455E+12,,,,,,,
,osmovaloper1zfcmwh56kmz4wqqg2t8pxrm228dx2c6hhzhtx7,DO NOT DELEGATE HERE,0.05,101,2539,0.00001,1.76455E+12,,,,,,,
,osmovaloper13nz2gn6u0967mlhnuvw2dvhh3l8gdg0k6fhvw3,Quasar ,0.05,101,2391,0.000009,1.76455E+12,,,,,,,
,osmovaloper1pfh243e50apq0zut00vyhd3sqek0jthc8wvxws,Bi23 Labs,1,101,2301,0.000009,1.76455E+12,,,,,,,
,osmovaloper18m4wkxw865cmxu7wv43pk9wgssw022kjyxz6wz,a41,0.05,101,2215,0.000008,1.76455E+12,,,,,,,
,osmovaloper179fv09z9lhsyduf5xkgyc3ytelljtddxst2c48,Blockpower,0.05,101,1910,0.000007,1.76455E+12,,,,,,,
,osmovaloper1vzcxcv9v4cymknqyj8a7qqp45apt7kyrvuwhxr,BasBlock,0.05,101,1543,0.000006,1.76455E+12,,,,,,,
,osmovaloper1z2q6gse6fafvdju6zvgx7r7sj6zjtg75xu6cg0,Earth shutting down pls redelegate ,0.07,101,1421,0.000005,1.76455E+12,,,,,,,
,osmovaloper1ltch7uamdats4lphq6r6gl8ftyzhwzgvlnd38v,Delicious,0.1,101,1396,0.000005,1.76455E+12,,,,,,,
,osmovaloper1h3rgv70cp2uapm5066l38u468udxkx3ecdpv04,treefrog,1,101,1351,0.000005,1.76455E+12,,,,,,,
,osmovaloper1s05va5d09xlq3et8mapsesqh6r5lqy7mp0pk6a,Wetez,0.1,101,1103,0.000004,1.76455E+12,,,,,,,
,osmovaloper1de7qx00pz2j6gn9k88ntxxylelkazfk3llxw6r,Cosmic Validator,0.05,101,1101,0.000004,1.76455E+12,,,,,,,
,osmovaloper13th3pfkmjqpdegvz9c569y0ashwmyp3cxypg6a,kooltek68,0.05,101,1045,0.000004,1.76455E+12,,,,,,,
,osmovaloper10valuxrrt5guceq5eu8tcf566vkegylksajxdk,Ubik Capital,0.05,101,1023,0.000004,1.76455E+12,,,,,,,
,osmovaloper1wke3ev9ja6rxsngld75r3vppcpet94xxwcmk4v,Cat Boss,0.05,101,925,0.000003,1.76455E+12,,,,,,,
,osmovaloper1epp52vecttkkvs3s84c9m8s2v2jrf7gtpx6pq0,KDF,1,101,849,0.000003,1.76455E+12,,,,,,,
,osmovaloper1lvf93n263wrl9dwautjyhcg32ltsvkgfp6qyjm,osmosis,0.09,101,795,0.000003,1.76455E+12,,,,,,,
,osmovaloper1gxlsy3jmt5aevkmlfh7rnnxrtqzqe4a65vr776,PLEASE REDELEGATE,0.05,101,792,0.000003,1.76455E+12,,,,,,,
,osmovaloper14syzusqsh8gp7evd0gcqxjjywljgdtdurn79r3, Stakepile,0.05,101,785,0.000003,1.76455E+12,,,,,,,
,osmovaloper1ldu6ew0cff400qmn0trkad38gx250zny45q9au, Consensus One,0.05,101,764,0.000003,1.76455E+12,,,,,,,
,osmovaloper1y43ue2slm002myeafmd5rndedgv4ltfumcnsjj,MediBloc,0.05,101,761,0.000003,1.76455E+12,,,,,,,
,osmovaloper1kx0gda86dlywg07083gn3dkulduuc0dr38ylk0,Thanosone  I am inevitable,0.05,101,730,0.000003,1.76455E+12,,,,,,,
,osmovaloper1evn0tlzgcdu9x79kfv6jvs5tk5kqkp3n6vfddj,DexTrac,0.1,101,723,0.000003,1.76455E+12,,,,,,,
,osmovaloper1f6taewxze2sxang7293dff6qju4r4uwg7znp6j,Inactive Validator,0.05,101,660,0.000002,1.76455E+12,,,,,,,
,osmovaloper1dgpzuja328gtv8pwvz5k8geqwpqxc35h69suf8,BR Labs,0.05,101,629,0.000002,1.76455E+12,,,,,,,
,osmovaloper1adm6z5krjhu527v8y9umvye9vf04efgya5f2wk,Four Moons,0.05,101,628,0.000002,1.76455E+12,,,,,,,
,osmovaloper1whdjuaspv2y3v02pjywncs7xmzpeudkfg9ukjw,mp20,0.05,101,628,0.000002,1.76455E+12,,,,,,,
,osmovaloper1uvl2g9nd8qttjjyxjs30x7fj878d3wt4y3y0jq,AstraVoyage,0.05,101,614,0.000002,1.76455E+12,,,,,,,
,osmovaloper1rmdzkje2eh34fgerdq75lwgzy44u43erqdnnh3,Stakyio,0.05,101,532,0.000002,1.76455E+12,,,,,,,
,osmovaloper1lw979at0ckctgf7d0tnuk8j0l83ntpa04yf6yn,Redelegate please,0.05,101,512,0.000002,1.76455E+12,,,,,,,
,osmovaloper1qjwtfqzpf0tw28fau943tnx8hqq4ag0hrc3lmc,ContributionDAO,0.05,101,500,0.000002,1.76455E+12,,,,,,,
,osmovaloper1s5a8syl89y8xjr30mcqmn8frqj29ldl89ue82a,VALIDARIOS,0.05,101,430,0.000002,1.76455E+12,,,,,,,
,osmovaloper1eprd0gn8s9y82kvyejggefqxkq4v7s54eal5r5,TR3B ASTRA,0.05,101,397,0.000001,1.76455E+12,,,,,,,
,osmovaloper1slwwlax7xgssa25a2upj0yvlz6qpsdelvwv4hy,Terra Nodes,0.05,101,393,0.000001,1.76455E+12,,,,,,,
,osmovaloper176yy5702epk59gaaqtgv567rdyv2gx36cjns7a,CosmoNibbleRedelegate please,0.05,101,368,0.000001,1.76455E+12,,,,,,,
,osmovaloper15smzx92y5ce92fqc8x079c7me9py3s09h0pva9,CommunityStaking,0.05,101,319,0.000001,1.76455E+12,,,,,,,
,osmovaloper13pgywr7hfp479rehs8fg2pnuakdue47g5nfchz,PUPMS,0.05,101,305,0.000001,1.76455E+12,,,,,,,
,osmovaloper1gw6z2kn7z7cg747czxq98yczcmauk29uzqfuw4,PLEASE REDELEGATE  Flipside,0.05,101,276,0.000001,1.76455E+12,,,,,,,
,osmovaloper1d5hmn9es40tlmdaljepz8xwxh83sypxclkmyyg,DeFi100iCosmosDAO ,0.05,101,258,0.000001,1.76455E+12,,,,,,,
,osmovaloper1ky4y6tckqal2m2sqf6nalmq546sta0s2ejme0d,SpotOnChainai,0.1,101,202,0.000001,1.76455E+12,,,,,,,
,osmovaloper1fhqe8f7ej77xnev0gvljkl2lm95hlzgd6pky70,Kalia Network,0.05,101,200,0.000001,1.76455E+12,,,,,,,
,osmovaloper17gt8ctjyaqcxt3435nahlacf227p3v77yv463l,OSMOSISDLINODESCOM,0.0777,101,200,0.000001,1.76455E+12,,,,,,,
,osmovaloper10l8mq9rm035n5ph96k9v7z3xhark5c6yx0j8w8,validatormoe,0.05,101,194,0.000001,1.76455E+12,,,,,,,
,osmovaloper16jn3383fn4v4vuuvgclr3q7rumeglw8kdq6e48,SOLAR Labs,0.1,101,188,0.000001,1.76455E+12,,,,,,,
,osmovaloper1wrkm99xhcqwq4v0q7lcf8wujvy6qjhenddxhp6,Blockwavelabs,0.05,101,182,0.000001,1.76455E+12,,,,,,,
,osmovaloper13sckm5ahl6p7a30hq9xaf2aeur0cw3dxnagumn,Analytic Dynamix,0.05,101,174,0.000001,1.76455E+12,,,,,,,
,osmovaloper1dpwecca283m0c20dmsfzztp4mma8h9ajxwvx52,samurai,0.05,101,162,0.000001,1.76455E+12,,,,,,,
,osmovaloper1kf57pzfwdx5v4cwyq6at0p62vchel9pwukjvud,coaction,0.05,101,160,0.000001,1.76455E+12,,,,,,,
,osmovaloper1vmkt6ysppk8m4rhlq78tpqyh429lhlsah4mn3y,Sunshine Validation solarpower,0.0693,101,160,0.000001,1.76455E+12,,,,,,,
,osmovaloper1gwmw0w4gul7885f9ce84ersp5thdnqceesr052,16psyche,0.05,101,142,0.000001,1.76455E+12,,,,,,,
,osmovaloper1l034wm5h2hktkdq75fd6p099kwzhljn7hxlx79,Androma DAO,0.05,101,127,0,1.76455E+12,,,,,,,
,osmovaloper1s0zwex6pxh3tzlvgwejparpfakh02r2atqln5e,Not enough token to be active please redelegate,0.05,101,115,0,1.76455E+12,,,,,,,
,osmovaloper1z424aqrtmletkpakgt67kl4fq68tewg22pz06a,Sr20de,0.05,101,104,0,1.76455E+12,,,,,,,
,osmovaloper1ff875h5plrnyumhm3cezn85dj4hzjzjqs972w3,Pickaxeit,0.05,101,100,0,1.76455E+12,,,,,,,
,osmovaloper1cc99d3xcukhedg4wcw53j7a9q68uza70f5w05c,dForce,0.05,101,94,0,1.76455E+12,,,,,,,
,osmovaloper1ukpah0340rx7k3x2njnavwyjv6pfpvn6xjz0gx,Jerrys Pool,0.05,101,92,0,1.76455E+12,,,,,,,
,osmovaloper1xgqr7pn80g6w398wzdmye3lu6wsgk32sw670ec,Inactive   Mercury,0.05,101,88,0,1.76455E+12,,,,,,,
,osmovaloper1qhsk23sgycvyrp0tey7slfhen5kxk0p8pp3qwy,StarCluster,0.1,101,86,0,1.76455E+12,,,,,,,
,osmovaloper1wtv0kp6ydt03edd8kyr5arr4f3yc52vpxy9qu6,kytzu,0.05,101,79,0,1.76455E+12,,,,,,,
,osmovaloper15xl8lrtz65dm7yqtnpntmmv7asl0jqk83qm5qf,Station8,0.05,101,65,0,1.76455E+12,,,,,,,
,osmovaloper1xm7rj9qzmgnggllrqhxpgdv5wzvtf6r6rs0y66,UniverseDAO,0.05,101,60,0,1.76455E+12,,,,,,,
,osmovaloper1n24z8k7w8lxej8xe7uvpn3qc654n43c05unug6,SolidStake,0.05,101,57,0,1.76455E+12,,,,,,,
,osmovaloper12p4k84atxs7h8jcltgg4637h7x0ynexm3lfswm,TienThuatToan,0.05,101,54,0,1.76455E+12,,,,,,,
,osmovaloper1ceurjtrgxf0hfd4r0hez6fenevazenfhym7s4q,Mandragora,0.05,101,48,0,1.76455E+12,,,,,,,
,osmovaloper13rfuft69m3swst4ay7rugdy6pqg2un3tm0tn4g,Zenith  REDELEGATE to Interbloc,0.05,101,45,0,1.76455E+12,,,,,,,
,osmovaloper1cyepvt5kayjzsa76ft98ud8mrpvh3acxv83pwv,deprecated,0.05,101,44,0,1.76455E+12,,,,,,,
,osmovaloper1s0lankh33kprer2l22nank5rvsuh9ksavlsh86,KingSuper,0.1,101,30,0,1.76455E+12,,,,,,,
,osmovaloper1nskmzc8cqf8m9vwrxvnggtw4vw9cwx54jtfmuj,REDELEGATE  Inactive,0.05,101,27,0,1.76455E+12,,,,,,,
,osmovaloper183psjr4y05kwtpfew073q6hm84xdhp9tcn8ne7,COSMSTAKE,0.05,101,24,0,1.76455E+12,,,,,,,
,osmovaloper1hpgcnnvh3n4gg32duxkn2gc8hzwf7nf95lule4,Eclipse,0.05,101,21,0,1.76455E+12,,,,,,,
,osmovaloper1ulxfhuawe8hah6808rcypflgl342cz89xxurhc,dualsystems,0.0587,101,19,0,1.76455E+12,,,,,,,
,osmovaloper1tmwt5q22qqafyznjhhydn2u6kwpwn2r8ttvtf4,Apeiron Nodes  1 Fee,0.05,101,17,0,1.76455E+12,,,,,,,
,osmovaloper1s5q5ty5qhnwtt3wvy65tlm7yz7ca2430yde7sq,edenTest,0.1,101,16,0,1.76455E+12,,,,,,,
,osmovaloper14g9r3rwutmpc80e8kqnnq8uvdcptdusc0nm3gc,Tuzem,0.05,101,14,0,1.76455E+12,,,,,,,
,osmovaloper1g239l2skjnz3dszek5s5npquza5gvypdma48gz,REDELEGATE  CLOSING 010723,0.05,101,14,0,1.76455E+12,,,,,,,
,osmovaloper1mwg6lt5eumhpnyx6gzwxaesj7lymyh8erj3xqq,hydrogen18,0.05,101,11,0,1.76455E+12,,,,,,,
,osmovaloper1adqkveahfnsx88r47zwtpfec6cwfu83jgpy6rz,SASSouth Atlantic Staking,0.05,101,11,0,1.76455E+12,,,,,,,
,osmovaloper1rjkttj9tc3xzn4fazvt7dgffzqfd5vd6vd98xq,Kitkat by EVIA,0.05,101,10,0,1.76455E+12,,,,,,,
,osmovaloper1dp978zq2ef5cc7fszjtvzlnqgccjtvnqxn6ymg,DexTrac,0.1,101,10,0,1.76455E+12,,,,,,,
,osmovaloper1drnr926hplptfa6u9wqw5ryz5dlrxv0erzkwcn,AIR DROP STATION,0.1,101,10,0,1.76455E+12,,,,,,,
,osmovaloper158shr4dsdmvpm60g8kz6d8ts7knxkmjtzfxde8,Gidorah,0.05,101,10,0,1.76455E+12,,,,,,,
,osmovaloper1uscp8q0pn6efwegy0hvgsngnq90vrmd59fgvle,Oasis,0.05,101,10,0,1.76455E+12,,,,,,,
,osmovaloper17sa3mpwsq7hpfzrgmzzrefyslwqsz8jnzkpppg,CosmosPug ,0.05,101,10,0,1.76455E+12,,,,,,,
,osmovaloper1fe2wte2cg0fl5w6vkslhru0qmqyvfe73szece5,eXion,0.05,101,8,0,1.76455E+12,,,,,,,
,osmovaloper1vcpryrtatk6c8z6tcyx9w45jsw56rvkqapgq6p,Twinstake,0.08,101,7,0,1.76455E+12,,,,,,,
,osmovaloper1z8wth6xqd0wuz5fmzapeyh7tp02f7rm4gcfz8d,Blockzilla  Staking ,0.05,101,6,0,1.76455E+12,,,,,,,
,osmovaloper1xxarc6are7zrmwvmmxkezaycepa6ttyn2gnysv,50 Validator,0.05,101,5,0,1.76455E+12,,,,,,,
,osmovaloper19fezsaqahsp9ysjqjklghw3cj02lsnwkrp5h3y,d3akashcloud,0.05,101,5,0,1.76455E+12,,,,,,,
,osmovaloper1v9zs755yujms23v653q5v6488cywequnsre77l,onboardingtest2,0.05,101,5,0,1.76455E+12,,,,,,,
,osmovaloper1yx3lkqy2zv4za3ymq2efwfwga4yl4xavpg9e8e,Nodeist,0.07,101,5,0,1.76455E+12,,,,,,,
,osmovaloper1s9e6deu9lpqs3vpyw6j49k870jc54uq46h4fqt,Stir,0.05,101,5,0,1.76455E+12,,,,,,,
,osmovaloper14k7rhl7atuha3peawjcysj3zdj7026acwzd6f9, The Chicken Coop  Homestead,0.05,101,5,0,1.76455E+12,,,,,,,
,osmovaloper1csd98hm0tp79a9x7ehv2gtluua83gff4y34f6a,SCVSecurity,0.05,101,5,0,1.76455E+12,,,,,,,
,osmovaloper1v0slxgd0cne8mets4ya3yx9cd6vdcvtuaytuf4,HBMETAONE,0.1,101,4,0,1.76455E+12,,,,,,,
,osmovaloper127cnkj4vny0yzd2jpwt80cya3zckd0vrdnlftq,Anther,0.05,101,4,0,1.76455E+12,,,,,,,
,osmovaloper1v69lzl909kje64k8vae24uytpxcnpxgug8dvqq,DO NOT DELEGATE HERE,0.05,101,3,0,1.76455E+12,,,,,,,
,osmovaloper1qyksxgv03ngylanwzh2mx6k768frgjc0em6800,stakebeast,0.05,101,3,0,1.76455E+12,,,,,,,
,osmovaloper1sz4vscgjuqqntt2pjs65u96mhy5tu5qwm8mug9,AnotherSoftware  ASVT Airdrops to delegators,0.05,101,3,0,1.76455E+12,,,,,,,
,osmovaloper19v9lwgzamp60h8wj73n9q3tqmkp7p0x4wfjh80,METAONE,0.2,101,3,0,1.76455E+12,,,,,,,
,osmovaloper1cru42kjcqcrdf6lgs8tesfqrvya35jzdy4ee26,DOUBLETOP,0.07,101,3,0,1.76455E+12,,,,,,,
,osmovaloper1m50ayxvcn2kp46f5j6jtx8m99t33mk9ad58f0a,skynodejs,0.05,101,3,0,1.76455E+12,,,,,,,
,osmovaloper16yg44hae44lcdexmmk7wpaphny0ahmqfvstt28,BadgerBite,0.05,101,2,0,1.76455E+12,,,,,,,
,osmovaloper1qe009rqk5jkvfma84a6dzsy3heuafrzdqyelvq,Dystopia Labs Validator ,0.05,101,2,0,1.76455E+12,,,,,,,
,osmovaloper1pn2qy65dt4j8u67k2ds69dwsm0n0qmn5zy4xhw,StakeTown,0.05,101,2,0,1.76455E+12,,,,,,,
,osmovaloper1f3p3aakrx5z53cqha8utaw8hvjsq36yn7kg234,AiRTX  0xV,0.05,101,2,0,1.76455E+12,,,,,,,
,osmovaloper1996wwt532s7nlq08h66f0j5amedqv46qh88w5w,Haetaeone,0.05,101,2,0,1.76455E+12,,,,,,,
,osmovaloper1f896ruvr87ldqexmg0cqskcew935thnr7e36v0,Lumina,0.075,101,2,0,1.76455E+12,,,,,,,
,osmovaloper1sy0y7tk4ffl2w6vlqu6kmkf2wk6c4wgh90kfm6,Haetae,0.05,101,2,0,1.76455E+12,,,,,,,
